INSERT INTO albums (album_name, ep, album_release) VALUES ('Taylor Swift','FALSE','2006-10-24');
INSERT INTO albums (album_name, ep, album_release) VALUES ('The Taylor Swift Holiday Collection','TRUE','2007-10-14');
INSERT INTO albums (album_name, ep, album_release) VALUES ('Beautiful Eyes','TRUE','2008-07-15');
INSERT INTO albums (album_name, ep, album_release) VALUES ('Fearless','FALSE','2008-11-11');
INSERT INTO albums (album_name, ep, album_release) VALUES ('Speak Now','FALSE','2010-10-25');
INSERT INTO albums (album_name, ep, album_release) VALUES ('Red','FALSE','2012-10-22');
INSERT INTO albums (album_name, ep, album_release) VALUES ('1989','FALSE','2014-10-27');
INSERT INTO albums (album_name, ep, album_release) VALUES ('reputation','FALSE','2017-11-10');
INSERT INTO albums (album_name, ep, album_release) VALUES ('Lover','FALSE','2019-08-23');
INSERT INTO albums (album_name, ep, album_release) VALUES ('folklore','FALSE','2020-07-24');
INSERT INTO albums (album_name, ep, album_release) VALUES ('evermore','FALSE','2020-12-11');
INSERT INTO albums (album_name, ep, album_release) VALUES ('Fearless (Taylor''s Version)','FALSE','2021-04-09');
INSERT INTO albums (album_name, ep, album_release) VALUES ('Red (Taylor''s Version)','FALSE','2021-11-12');
INSERT INTO albums (album_name, ep, album_release) VALUES ('Midnights','FALSE','2022-10-21');


INSERT INTO albums_and_songs (album_name, ep, album_release, track_number, track_name, artist) VALUES ('Taylor Swift','FALSE','2006-10-24', 1, 'Tim McGraw','Taylor Swift');
INSERT INTO albums_and_songs (album_name, ep, album_release, track_number, track_name, artist) VALUES ('Taylor Swift','FALSE','2006-10-24', 2, 'Picture To Burn','Taylor Swift');
INSERT INTO albums_and_songs (album_name, ep, album_release, track_number, track_name, artist) VALUES ('Taylor Swift','FALSE','2006-10-24', 3, 'Teardrops On My Guitar','Taylor Swift');
INSERT INTO albums_and_songs (album_name, ep, album_release, track_number, track_name, artist) VALUES ('Taylor Swift','FALSE','2006-10-24', 4, 'A Place In This World','Taylor Swift');
INSERT INTO albums_and_songs (album_name, ep, album_release, track_number, track_name, artist) VALUES ('Taylor Swift','FALSE','2006-10-24', 5, 'Cold As You','Taylor Swift');
INSERT INTO albums_and_songs (album_name, ep, album_release, track_number, track_name, artist) VALUES ('Taylor Swift','FALSE','2006-10-24', 6, 'The Outside','Taylor Swift');
INSERT INTO albums_and_songs (album_name, ep, album_release, track_number, track_name, artist) VALUES ('Taylor Swift','FALSE','2006-10-24', 7, 'Tied Together With A Smile','Taylor Swift');
INSERT INTO albums_and_songs (album_name, ep, album_release, track_number, track_name, artist) VALUES ('Taylor Swift','FALSE','2006-10-24', 8, 'Stay Beautiful','Taylor Swift');
INSERT INTO albums_and_songs (album_name, ep, album_release, track_number, track_name, artist) VALUES ('Taylor Swift','FALSE','2006-10-24', 9, 'Should''ve Said No','Taylor Swift');
INSERT INTO albums_and_songs (album_name, ep, album_release, track_number, track_name, artist) VALUES ('Taylor Swift','FALSE','2006-10-24', 10, 'Mary''s Song (Oh My My My)','Taylor Swift');
INSERT INTO albums_and_songs (album_name, ep, album_release, track_number, track_name, artist) VALUES ('Taylor Swift','FALSE','2006-10-24', 11, 'Our Song','Taylor Swift');
INSERT INTO albums_and_songs (album_name, ep, album_release, track_number, track_name, artist) VALUES ('Taylor Swift','FALSE','2006-10-24', 12, 'I''m Only Me When I''m With You','Taylor Swift');
INSERT INTO albums_and_songs (album_name, ep, album_release, track_number, track_name, artist) VALUES ('Taylor Swift','FALSE','2006-10-24', 13, 'Invisible','Taylor Swift');
INSERT INTO albums_and_songs (album_name, ep, album_release, track_number, track_name, artist) VALUES ('Taylor Swift','FALSE','2006-10-24', 14, 'A Perfectly Good Heart','Taylor Swift');
INSERT INTO albums_and_songs (album_name, ep, album_release, track_number, track_name, artist) VALUES ('Taylor Swift','FALSE','2006-10-24', 15, 'Teardrops On My Guitar (Pop Version)','Taylor Swift');
INSERT INTO albums_and_songs (album_name, ep, album_release, track_number, track_name, artist) VALUES ('Fearless (Taylor''s Version)','FALSE','2021-04-09', 1, 'Fearless (Taylor''s Version)','Taylor Swift');
INSERT INTO albums_and_songs (album_name, ep, album_release, track_number, track_name, artist) VALUES ('Fearless (Taylor''s Version)','FALSE','2021-04-09', 2, 'Fifteen (Taylor''s Version)','Taylor Swift');
INSERT INTO albums_and_songs (album_name, ep, album_release, track_number, track_name, artist) VALUES ('Fearless (Taylor''s Version)','FALSE','2021-04-09', 3, 'Love Story (Taylor''s Version)','Taylor Swift');
INSERT INTO albums_and_songs (album_name, ep, album_release, track_number, track_name, artist) VALUES ('Fearless (Taylor''s Version)','FALSE','2021-04-09', 4, 'Hey Stephen (Taylor''s Version)','Taylor Swift');
INSERT INTO albums_and_songs (album_name, ep, album_release, track_number, track_name, artist) VALUES ('Fearless (Taylor''s Version)','FALSE','2021-04-09', 5, 'White Horse (Taylor''s Version)','Taylor Swift');
INSERT INTO albums_and_songs (album_name, ep, album_release, track_number, track_name, artist) VALUES ('Fearless (Taylor''s Version)','FALSE','2021-04-09', 6, 'You Belong With Me (Taylor''s Version)','Taylor Swift');
INSERT INTO albums_and_songs (album_name, ep, album_release, track_number, track_name, artist) VALUES ('Fearless (Taylor''s Version)','FALSE','2021-04-09', 7, 'Breathe (Taylor''s Version)','Taylor Swift');
INSERT INTO albums_and_songs (album_name, ep, album_release, track_number, track_name, artist) VALUES ('Fearless (Taylor''s Version)','FALSE','2021-04-09', 8, 'Tell Me Why (Taylor''s Version)','Taylor Swift');
INSERT INTO albums_and_songs (album_name, ep, album_release, track_number, track_name, artist) VALUES ('Fearless (Taylor''s Version)','FALSE','2021-04-09', 9, 'You''re Not Sorry (Taylor''s Version)','Taylor Swift');
INSERT INTO albums_and_songs (album_name, ep, album_release, track_number, track_name, artist) VALUES ('Fearless (Taylor''s Version)','FALSE','2021-04-09', 10, 'The Way I Loved You (Taylor''s Version)','Taylor Swift');
INSERT INTO albums_and_songs (album_name, ep, album_release, track_number, track_name, artist) VALUES ('Fearless (Taylor''s Version)','FALSE','2021-04-09', 11, 'Forever & Always (Taylor''s Version)','Taylor Swift');
INSERT INTO albums_and_songs (album_name, ep, album_release, track_number, track_name, artist) VALUES ('Fearless (Taylor''s Version)','FALSE','2021-04-09', 12, 'The Best Day (Taylor''s Version)','Taylor Swift');
INSERT INTO albums_and_songs (album_name, ep, album_release, track_number, track_name, artist) VALUES ('Fearless (Taylor''s Version)','FALSE','2021-04-09', 13, 'Change (Taylor''s Version)','Taylor Swift');
INSERT INTO albums_and_songs (album_name, ep, album_release, track_number, track_name, artist) VALUES ('Fearless (Taylor''s Version)','FALSE','2021-04-09', 14, 'Jump Then Fall (Taylor''s Version)','Taylor Swift');
INSERT INTO albums_and_songs (album_name, ep, album_release, track_number, track_name, artist) VALUES ('Fearless (Taylor''s Version)','FALSE','2021-04-09', 15, 'Untouchable (Taylor''s Version)','Taylor Swift');
INSERT INTO albums_and_songs (album_name, ep, album_release, track_number, track_name, artist) VALUES ('Fearless (Taylor''s Version)','FALSE','2021-04-09', 16, 'Forever & Always (Piano Version) [Taylor''s Version]','Taylor Swift');
INSERT INTO albums_and_songs (album_name, ep, album_release, track_number, track_name, artist) VALUES ('Fearless (Taylor''s Version)','FALSE','2021-04-09', 17, 'Come In With The Rain (Taylor''s Version)','Taylor Swift');
INSERT INTO albums_and_songs (album_name, ep, album_release, track_number, track_name, artist) VALUES ('Fearless (Taylor''s Version)','FALSE','2021-04-09', 18, 'SuperStar (Taylor''s Version)','Taylor Swift');
INSERT INTO albums_and_songs (album_name, ep, album_release, track_number, track_name, artist) VALUES ('Fearless (Taylor''s Version)','FALSE','2021-04-09', 19, 'The Other Side Of The Door (Taylor''s Version)','Taylor Swift');
INSERT INTO albums_and_songs (album_name, ep, album_release, track_number, track_name, artist) VALUES ('Fearless (Taylor''s Version)','FALSE','2021-04-09', 20, 'Today Was A Fairytale (Taylor''s Version)','Taylor Swift');
INSERT INTO albums_and_songs (album_name, ep, album_release, track_number, track_name, artist) VALUES ('Fearless (Taylor''s Version)','FALSE','2021-04-09', 21, 'You All Over Me (Taylor''s Version) [From The Vault]','Taylor Swift');
INSERT INTO albums_and_songs (album_name, ep, album_release, track_number, track_name, artist) VALUES ('Fearless (Taylor''s Version)','FALSE','2021-04-09', 22, 'Mr. Perfectly Fine (Taylor''s Version) [From The Vault]','Taylor Swift');
INSERT INTO albums_and_songs (album_name, ep, album_release, track_number, track_name, artist) VALUES ('Fearless (Taylor''s Version)','FALSE','2021-04-09', 23, 'We Were Happy (Taylor''s Version) [From The Vault]','Taylor Swift');
INSERT INTO albums_and_songs (album_name, ep, album_release, track_number, track_name, artist) VALUES ('Fearless (Taylor''s Version)','FALSE','2021-04-09', 24, 'That''s When (Taylor''s Version) [From The Vault]','Taylor Swift');
INSERT INTO albums_and_songs (album_name, ep, album_release, track_number, track_name, artist) VALUES ('Fearless (Taylor''s Version)','FALSE','2021-04-09', 25, 'Don''t You (Taylor''s Version) [From The Vault]','Taylor Swift');
INSERT INTO albums_and_songs (album_name, ep, album_release, track_number, track_name, artist) VALUES ('Fearless (Taylor''s Version)','FALSE','2021-04-09', 26, 'Bye Bye Baby (Taylor''s Version) [From The Vault]','Taylor Swift');
INSERT INTO albums_and_songs (album_name, ep, album_release, track_number, track_name, artist) VALUES ('Speak Now','FALSE','2010-10-25', 1, 'Mine','Taylor Swift');
INSERT INTO albums_and_songs (album_name, ep, album_release, track_number, track_name, artist) VALUES ('Speak Now','FALSE','2010-10-25', 2, 'Sparks Fly','Taylor Swift');
INSERT INTO albums_and_songs (album_name, ep, album_release, track_number, track_name, artist) VALUES ('Speak Now','FALSE','2010-10-25', 3, 'Back To December','Taylor Swift');
INSERT INTO albums_and_songs (album_name, ep, album_release, track_number, track_name, artist) VALUES ('Speak Now','FALSE','2010-10-25', 4, 'Speak Now','Taylor Swift');
INSERT INTO albums_and_songs (album_name, ep, album_release, track_number, track_name, artist) VALUES ('Speak Now','FALSE','2010-10-25', 5, 'Dear John','Taylor Swift');
INSERT INTO albums_and_songs (album_name, ep, album_release, track_number, track_name, artist) VALUES ('Speak Now','FALSE','2010-10-25', 6, 'Mean','Taylor Swift');
INSERT INTO albums_and_songs (album_name, ep, album_release, track_number, track_name, artist) VALUES ('Speak Now','FALSE','2010-10-25', 7, 'The Story Of Us','Taylor Swift');
INSERT INTO albums_and_songs (album_name, ep, album_release, track_number, track_name, artist) VALUES ('Speak Now','FALSE','2010-10-25', 8, 'Never Grow Up','Taylor Swift');
INSERT INTO albums_and_songs (album_name, ep, album_release, track_number, track_name, artist) VALUES ('Speak Now','FALSE','2010-10-25', 9, 'Enchanted','Taylor Swift');
INSERT INTO albums_and_songs (album_name, ep, album_release, track_number, track_name, artist) VALUES ('Speak Now','FALSE','2010-10-25', 10, 'Better Than Revenge','Taylor Swift');
INSERT INTO albums_and_songs (album_name, ep, album_release, track_number, track_name, artist) VALUES ('Speak Now','FALSE','2010-10-25', 11, 'Innocent','Taylor Swift');
INSERT INTO albums_and_songs (album_name, ep, album_release, track_number, track_name, artist) VALUES ('Speak Now','FALSE','2010-10-25', 12, 'Haunted','Taylor Swift');
INSERT INTO albums_and_songs (album_name, ep, album_release, track_number, track_name, artist) VALUES ('Speak Now','FALSE','2010-10-25', 13, 'Last Kiss','Taylor Swift');
INSERT INTO albums_and_songs (album_name, ep, album_release, track_number, track_name, artist) VALUES ('Speak Now','FALSE','2010-10-25', 14, 'Long Live','Taylor Swift');
INSERT INTO albums_and_songs (album_name, ep, album_release, track_number, track_name, artist) VALUES ('Speak Now','FALSE','2010-10-25', 15, 'Ours','Taylor Swift');
INSERT INTO albums_and_songs (album_name, ep, album_release, track_number, track_name, artist) VALUES ('Speak Now','FALSE','2010-10-25', 16, 'If This Was A Movie','Taylor Swift');
INSERT INTO albums_and_songs (album_name, ep, album_release, track_number, track_name, artist) VALUES ('Speak Now','FALSE','2010-10-25', 17, 'Superman','Taylor Swift');
INSERT INTO albums_and_songs (album_name, ep, album_release, track_number, track_name, artist) VALUES ('Red (Taylor''s Version)','FALSE','2021-11-12', 1, 'State Of Grace (Taylor''s Version)','Taylor Swift');
INSERT INTO albums_and_songs (album_name, ep, album_release, track_number, track_name, artist) VALUES ('Red (Taylor''s Version)','FALSE','2021-11-12', 2, 'Red (Taylor''s Version)','Taylor Swift');
INSERT INTO albums_and_songs (album_name, ep, album_release, track_number, track_name, artist) VALUES ('Red (Taylor''s Version)','FALSE','2021-11-12', 3, 'Treacherous (Taylor''s Version)','Taylor Swift');
INSERT INTO albums_and_songs (album_name, ep, album_release, track_number, track_name, artist) VALUES ('Red (Taylor''s Version)','FALSE','2021-11-12', 4, 'I Knew You Were Trouble (Taylor''s Version)','Taylor Swift');
INSERT INTO albums_and_songs (album_name, ep, album_release, track_number, track_name, artist) VALUES ('Red (Taylor''s Version)','FALSE','2021-11-12', 5, 'All Too Well (Taylor''s Version)','Taylor Swift');
INSERT INTO albums_and_songs (album_name, ep, album_release, track_number, track_name, artist) VALUES ('Red (Taylor''s Version)','FALSE','2021-11-12', 6, '22 (Taylor''s Version)','Taylor Swift');
INSERT INTO albums_and_songs (album_name, ep, album_release, track_number, track_name, artist) VALUES ('Red (Taylor''s Version)','FALSE','2021-11-12', 7, 'I Almost Do (Taylor''s Version)','Taylor Swift');
INSERT INTO albums_and_songs (album_name, ep, album_release, track_number, track_name, artist) VALUES ('Red (Taylor''s Version)','FALSE','2021-11-12', 8, 'We Are Never Ever Getting Back Together (Taylor''s Version)','Taylor Swift');
INSERT INTO albums_and_songs (album_name, ep, album_release, track_number, track_name, artist) VALUES ('Red (Taylor''s Version)','FALSE','2021-11-12', 9, 'Stay Stay Stay (Taylor''s Version)','Taylor Swift');
INSERT INTO albums_and_songs (album_name, ep, album_release, track_number, track_name, artist) VALUES ('Red (Taylor''s Version)','FALSE','2021-11-12', 10, 'The Last Time (Taylor''s Version)','Taylor Swift');
INSERT INTO albums_and_songs (album_name, ep, album_release, track_number, track_name, artist) VALUES ('Red (Taylor''s Version)','FALSE','2021-11-12', 11, 'Holy Ground (Taylor''s Version)','Taylor Swift');
INSERT INTO albums_and_songs (album_name, ep, album_release, track_number, track_name, artist) VALUES ('Red (Taylor''s Version)','FALSE','2021-11-12', 12, 'Sad Beautiful Tragic (Taylor''s Version)','Taylor Swift');
INSERT INTO albums_and_songs (album_name, ep, album_release, track_number, track_name, artist) VALUES ('Red (Taylor''s Version)','FALSE','2021-11-12', 13, 'The Lucky One (Taylor''s Version)','Taylor Swift');
INSERT INTO albums_and_songs (album_name, ep, album_release, track_number, track_name, artist) VALUES ('Red (Taylor''s Version)','FALSE','2021-11-12', 14, 'Everything Has Changed (Taylor''s Version)','Taylor Swift');
INSERT INTO albums_and_songs (album_name, ep, album_release, track_number, track_name, artist) VALUES ('Red (Taylor''s Version)','FALSE','2021-11-12', 15, 'Starlight (Taylor''s Version)','Taylor Swift');
INSERT INTO albums_and_songs (album_name, ep, album_release, track_number, track_name, artist) VALUES ('Red (Taylor''s Version)','FALSE','2021-11-12', 16, 'Begin Again (Taylor''s Version)','Taylor Swift');
INSERT INTO albums_and_songs (album_name, ep, album_release, track_number, track_name, artist) VALUES ('Red (Taylor''s Version)','FALSE','2021-11-12', 17, 'The Moment I Knew (Taylor''s Version)','Taylor Swift');
INSERT INTO albums_and_songs (album_name, ep, album_release, track_number, track_name, artist) VALUES ('Red (Taylor''s Version)','FALSE','2021-11-12', 18, 'Come Back...Be Here (Taylor''s Version)','Taylor Swift');
INSERT INTO albums_and_songs (album_name, ep, album_release, track_number, track_name, artist) VALUES ('Red (Taylor''s Version)','FALSE','2021-11-12', 19, 'Girl At Home (Taylor''s Version)','Taylor Swift');
INSERT INTO albums_and_songs (album_name, ep, album_release, track_number, track_name, artist) VALUES ('Red (Taylor''s Version)','FALSE','2021-11-12', 20, 'State Of Grace (Acoustic Version) [Taylor''s Version]','Taylor Swift');
INSERT INTO albums_and_songs (album_name, ep, album_release, track_number, track_name, artist) VALUES ('Red (Taylor''s Version)','FALSE','2021-11-12', 21, 'Ronan (Taylor''s Version)','Taylor Swift');
INSERT INTO albums_and_songs (album_name, ep, album_release, track_number, track_name, artist) VALUES ('Red (Taylor''s Version)','FALSE','2021-11-12', 22, 'Better Man (Taylor''s Version) [From The Vault]','Taylor Swift');
INSERT INTO albums_and_songs (album_name, ep, album_release, track_number, track_name, artist) VALUES ('Red (Taylor''s Version)','FALSE','2021-11-12', 23, 'Nothing New (Taylor''s Version) [From The Vault]','Taylor Swift');
INSERT INTO albums_and_songs (album_name, ep, album_release, track_number, track_name, artist) VALUES ('Red (Taylor''s Version)','FALSE','2021-11-12', 24, 'Babe (Taylor''s Version) [From The Vault]','Taylor Swift');
INSERT INTO albums_and_songs (album_name, ep, album_release, track_number, track_name, artist) VALUES ('Red (Taylor''s Version)','FALSE','2021-11-12', 25, 'Message In A Bottle (Taylor''s Version) [From The Vault]','Taylor Swift');
INSERT INTO albums_and_songs (album_name, ep, album_release, track_number, track_name, artist) VALUES ('Red (Taylor''s Version)','FALSE','2021-11-12', 26, 'I Bet You Think About Me (Taylor''s Version) [From The Vault]','Taylor Swift');
INSERT INTO albums_and_songs (album_name, ep, album_release, track_number, track_name, artist) VALUES ('Red (Taylor''s Version)','FALSE','2021-11-12', 27, 'Forever Winter (Taylor''s Version) [From The Vault]','Taylor Swift');
INSERT INTO albums_and_songs (album_name, ep, album_release, track_number, track_name, artist) VALUES ('Red (Taylor''s Version)','FALSE','2021-11-12', 28, 'Run (Taylor''s Version) [From The Vault]','Taylor Swift');
INSERT INTO albums_and_songs (album_name, ep, album_release, track_number, track_name, artist) VALUES ('Red (Taylor''s Version)','FALSE','2021-11-12', 29, 'The Very First Night (Taylor''s Version) [From The Vault]','Taylor Swift');
INSERT INTO albums_and_songs (album_name, ep, album_release, track_number, track_name, artist) VALUES ('Red (Taylor''s Version)','FALSE','2021-11-12', 30, 'All Too Well (10 Minute Version) [Taylor''s Version] [From The Vault]','Taylor Swift');
INSERT INTO albums_and_songs (album_name, ep, album_release, track_number, track_name, artist) VALUES ('1989','FALSE','2014-10-27', 1, 'Welcome To New York','Taylor Swift');
INSERT INTO albums_and_songs (album_name, ep, album_release, track_number, track_name, artist) VALUES ('1989','FALSE','2014-10-27', 2, 'Blank Space','Taylor Swift');
INSERT INTO albums_and_songs (album_name, ep, album_release, track_number, track_name, artist) VALUES ('1989','FALSE','2014-10-27', 3, 'Style','Taylor Swift');
INSERT INTO albums_and_songs (album_name, ep, album_release, track_number, track_name, artist) VALUES ('1989','FALSE','2014-10-27', 4, 'Out Of The Woods','Taylor Swift');
INSERT INTO albums_and_songs (album_name, ep, album_release, track_number, track_name, artist) VALUES ('1989','FALSE','2014-10-27', 5, 'All You Had To Do Was Stay','Taylor Swift');
INSERT INTO albums_and_songs (album_name, ep, album_release, track_number, track_name, artist) VALUES ('1989','FALSE','2014-10-27', 6, 'Shake It Off','Taylor Swift');
INSERT INTO albums_and_songs (album_name, ep, album_release, track_number, track_name, artist) VALUES ('1989','FALSE','2014-10-27', 7, 'I Wish You Would','Taylor Swift');
INSERT INTO albums_and_songs (album_name, ep, album_release, track_number, track_name, artist) VALUES ('1989','FALSE','2014-10-27', 8, 'Bad Blood','Taylor Swift');
INSERT INTO albums_and_songs (album_name, ep, album_release, track_number, track_name, artist) VALUES ('1989','FALSE','2014-10-27', 9, 'Wildest Dreams','Taylor Swift');
INSERT INTO albums_and_songs (album_name, ep, album_release, track_number, track_name, artist) VALUES ('1989','FALSE','2014-10-27', 10, 'How You Get The Girl','Taylor Swift');
INSERT INTO albums_and_songs (album_name, ep, album_release, track_number, track_name, artist) VALUES ('1989','FALSE','2014-10-27', 11, 'This Love','Taylor Swift');
INSERT INTO albums_and_songs (album_name, ep, album_release, track_number, track_name, artist) VALUES ('1989','FALSE','2014-10-27', 12, 'I Know Places','Taylor Swift');
INSERT INTO albums_and_songs (album_name, ep, album_release, track_number, track_name, artist) VALUES ('1989','FALSE','2014-10-27', 13, 'Clean','Taylor Swift');
INSERT INTO albums_and_songs (album_name, ep, album_release, track_number, track_name, artist) VALUES ('1989','FALSE','2014-10-27', 14, 'Wonderland','Taylor Swift');
INSERT INTO albums_and_songs (album_name, ep, album_release, track_number, track_name, artist) VALUES ('1989','FALSE','2014-10-27', 15, 'You Are In Love','Taylor Swift');
INSERT INTO albums_and_songs (album_name, ep, album_release, track_number, track_name, artist) VALUES ('1989','FALSE','2014-10-27', 16, 'New Romantics','Taylor Swift');
INSERT INTO albums_and_songs (album_name, ep, album_release, track_number, track_name, artist) VALUES ('reputation','FALSE','2017-11-10', 1, '...Ready For It?','Taylor Swift');
INSERT INTO albums_and_songs (album_name, ep, album_release, track_number, track_name, artist) VALUES ('reputation','FALSE','2017-11-10', 2, 'End Game','Taylor Swift');
INSERT INTO albums_and_songs (album_name, ep, album_release, track_number, track_name, artist) VALUES ('reputation','FALSE','2017-11-10', 3, 'I Did Something Bad','Taylor Swift');
INSERT INTO albums_and_songs (album_name, ep, album_release, track_number, track_name, artist) VALUES ('reputation','FALSE','2017-11-10', 4, 'Don''t Blame Me','Taylor Swift');
INSERT INTO albums_and_songs (album_name, ep, album_release, track_number, track_name, artist) VALUES ('reputation','FALSE','2017-11-10', 5, 'Delicate','Taylor Swift');
INSERT INTO albums_and_songs (album_name, ep, album_release, track_number, track_name, artist) VALUES ('reputation','FALSE','2017-11-10', 6, 'Look What You Made Me Do','Taylor Swift');
INSERT INTO albums_and_songs (album_name, ep, album_release, track_number, track_name, artist) VALUES ('reputation','FALSE','2017-11-10', 7, 'So It Goes...','Taylor Swift');
INSERT INTO albums_and_songs (album_name, ep, album_release, track_number, track_name, artist) VALUES ('reputation','FALSE','2017-11-10', 8, 'Gorgeous','Taylor Swift');
INSERT INTO albums_and_songs (album_name, ep, album_release, track_number, track_name, artist) VALUES ('reputation','FALSE','2017-11-10', 9, 'Getaway Car','Taylor Swift');
INSERT INTO albums_and_songs (album_name, ep, album_release, track_number, track_name, artist) VALUES ('reputation','FALSE','2017-11-10', 10, 'King Of My Heart','Taylor Swift');
INSERT INTO albums_and_songs (album_name, ep, album_release, track_number, track_name, artist) VALUES ('reputation','FALSE','2017-11-10', 11, 'Dancing With Our Hands Tied','Taylor Swift');
INSERT INTO albums_and_songs (album_name, ep, album_release, track_number, track_name, artist) VALUES ('reputation','FALSE','2017-11-10', 12, 'Dress','Taylor Swift');
INSERT INTO albums_and_songs (album_name, ep, album_release, track_number, track_name, artist) VALUES ('reputation','FALSE','2017-11-10', 13, 'This Is Why We Can''t Have Nice Things','Taylor Swift');
INSERT INTO albums_and_songs (album_name, ep, album_release, track_number, track_name, artist) VALUES ('reputation','FALSE','2017-11-10', 14, 'Call It What You Want','Taylor Swift');
INSERT INTO albums_and_songs (album_name, ep, album_release, track_number, track_name, artist) VALUES ('reputation','FALSE','2017-11-10', 15, 'New Year''s Day','Taylor Swift');
INSERT INTO albums_and_songs (album_name, ep, album_release, track_number, track_name, artist) VALUES ('Lover','FALSE','2019-08-23', 1, 'I Forgot That You Existed','Taylor Swift');
INSERT INTO albums_and_songs (album_name, ep, album_release, track_number, track_name, artist) VALUES ('Lover','FALSE','2019-08-23', 2, 'Cruel Summer','Taylor Swift');
INSERT INTO albums_and_songs (album_name, ep, album_release, track_number, track_name, artist) VALUES ('Lover','FALSE','2019-08-23', 3, 'Lover','Taylor Swift');
INSERT INTO albums_and_songs (album_name, ep, album_release, track_number, track_name, artist) VALUES ('Lover','FALSE','2019-08-23', 4, 'The Man','Taylor Swift');
INSERT INTO albums_and_songs (album_name, ep, album_release, track_number, track_name, artist) VALUES ('Lover','FALSE','2019-08-23', 5, 'The Archer','Taylor Swift');
INSERT INTO albums_and_songs (album_name, ep, album_release, track_number, track_name, artist) VALUES ('Lover','FALSE','2019-08-23', 6, 'I Think He Knows','Taylor Swift');
INSERT INTO albums_and_songs (album_name, ep, album_release, track_number, track_name, artist) VALUES ('Lover','FALSE','2019-08-23', 7, 'Miss Americana & The Heartbreak Prince','Taylor Swift');
INSERT INTO albums_and_songs (album_name, ep, album_release, track_number, track_name, artist) VALUES ('Lover','FALSE','2019-08-23', 8, 'Paper Rings','Taylor Swift');
INSERT INTO albums_and_songs (album_name, ep, album_release, track_number, track_name, artist) VALUES ('Lover','FALSE','2019-08-23', 9, 'Cornelia Street','Taylor Swift');
INSERT INTO albums_and_songs (album_name, ep, album_release, track_number, track_name, artist) VALUES ('Lover','FALSE','2019-08-23', 10, 'Death By A Thousand Cuts','Taylor Swift');
INSERT INTO albums_and_songs (album_name, ep, album_release, track_number, track_name, artist) VALUES ('Lover','FALSE','2019-08-23', 11, 'London Boy','Taylor Swift');
INSERT INTO albums_and_songs (album_name, ep, album_release, track_number, track_name, artist) VALUES ('Lover','FALSE','2019-08-23', 12, 'Soon You''ll Get Better','Taylor Swift');
INSERT INTO albums_and_songs (album_name, ep, album_release, track_number, track_name, artist) VALUES ('Lover','FALSE','2019-08-23', 13, 'False God','Taylor Swift');
INSERT INTO albums_and_songs (album_name, ep, album_release, track_number, track_name, artist) VALUES ('Lover','FALSE','2019-08-23', 14, 'You Need To Calm Down','Taylor Swift');
INSERT INTO albums_and_songs (album_name, ep, album_release, track_number, track_name, artist) VALUES ('Lover','FALSE','2019-08-23', 15, 'Afterglow','Taylor Swift');
INSERT INTO albums_and_songs (album_name, ep, album_release, track_number, track_name, artist) VALUES ('Lover','FALSE','2019-08-23', 16, 'ME!','Taylor Swift');
INSERT INTO albums_and_songs (album_name, ep, album_release, track_number, track_name, artist) VALUES ('Lover','FALSE','2019-08-23', 17, 'It''s Nice To Have A Friend','Taylor Swift');
INSERT INTO albums_and_songs (album_name, ep, album_release, track_number, track_name, artist) VALUES ('Lover','FALSE','2019-08-23', 18, 'Daylight','Taylor Swift');
INSERT INTO albums_and_songs (album_name, ep, album_release, track_number, track_name, artist) VALUES ('folklore','FALSE','2020-07-24', 1, 'the 1','Taylor Swift');
INSERT INTO albums_and_songs (album_name, ep, album_release, track_number, track_name, artist) VALUES ('folklore','FALSE','2020-07-24', 2, 'cardigan','Taylor Swift');
INSERT INTO albums_and_songs (album_name, ep, album_release, track_number, track_name, artist) VALUES ('folklore','FALSE','2020-07-24', 3, 'the last great american dynasty','Taylor Swift');
INSERT INTO albums_and_songs (album_name, ep, album_release, track_number, track_name, artist) VALUES ('folklore','FALSE','2020-07-24', 4, 'exile','Taylor Swift');
INSERT INTO albums_and_songs (album_name, ep, album_release, track_number, track_name, artist) VALUES ('folklore','FALSE','2020-07-24', 5, 'my tears ricochet','Taylor Swift');
INSERT INTO albums_and_songs (album_name, ep, album_release, track_number, track_name, artist) VALUES ('folklore','FALSE','2020-07-24', 6, 'mirrorball','Taylor Swift');
INSERT INTO albums_and_songs (album_name, ep, album_release, track_number, track_name, artist) VALUES ('folklore','FALSE','2020-07-24', 7, 'seven','Taylor Swift');
INSERT INTO albums_and_songs (album_name, ep, album_release, track_number, track_name, artist) VALUES ('folklore','FALSE','2020-07-24', 8, 'august','Taylor Swift');
INSERT INTO albums_and_songs (album_name, ep, album_release, track_number, track_name, artist) VALUES ('folklore','FALSE','2020-07-24', 9, 'this is me trying','Taylor Swift');
INSERT INTO albums_and_songs (album_name, ep, album_release, track_number, track_name, artist) VALUES ('folklore','FALSE','2020-07-24', 10, 'illicit affairs','Taylor Swift');
INSERT INTO albums_and_songs (album_name, ep, album_release, track_number, track_name, artist) VALUES ('folklore','FALSE','2020-07-24', 11, 'invisible string','Taylor Swift');
INSERT INTO albums_and_songs (album_name, ep, album_release, track_number, track_name, artist) VALUES ('folklore','FALSE','2020-07-24', 12, 'mad woman','Taylor Swift');
INSERT INTO albums_and_songs (album_name, ep, album_release, track_number, track_name, artist) VALUES ('folklore','FALSE','2020-07-24', 13, 'epiphany','Taylor Swift');
INSERT INTO albums_and_songs (album_name, ep, album_release, track_number, track_name, artist) VALUES ('folklore','FALSE','2020-07-24', 14, 'betty','Taylor Swift');
INSERT INTO albums_and_songs (album_name, ep, album_release, track_number, track_name, artist) VALUES ('folklore','FALSE','2020-07-24', 15, 'peace','Taylor Swift');
INSERT INTO albums_and_songs (album_name, ep, album_release, track_number, track_name, artist) VALUES ('folklore','FALSE','2020-07-24', 16, 'hoax','Taylor Swift');
INSERT INTO albums_and_songs (album_name, ep, album_release, track_number, track_name, artist) VALUES ('folklore','FALSE','2020-07-24', 17, 'the lakes','Taylor Swift');
INSERT INTO albums_and_songs (album_name, ep, album_release, track_number, track_name, artist) VALUES ('evermore','FALSE','2020-12-11', 1, 'willow','Taylor Swift');
INSERT INTO albums_and_songs (album_name, ep, album_release, track_number, track_name, artist) VALUES ('evermore','FALSE','2020-12-11', 2, 'champagne problems','Taylor Swift');
INSERT INTO albums_and_songs (album_name, ep, album_release, track_number, track_name, artist) VALUES ('evermore','FALSE','2020-12-11', 3, 'gold rush','Taylor Swift');
INSERT INTO albums_and_songs (album_name, ep, album_release, track_number, track_name, artist) VALUES ('evermore','FALSE','2020-12-11', 4, '''tis the damn season','Taylor Swift');
INSERT INTO albums_and_songs (album_name, ep, album_release, track_number, track_name, artist) VALUES ('evermore','FALSE','2020-12-11', 5, 'tolerate it','Taylor Swift');
INSERT INTO albums_and_songs (album_name, ep, album_release, track_number, track_name, artist) VALUES ('evermore','FALSE','2020-12-11', 6, '"no body',' no crime"');
INSERT INTO albums_and_songs (album_name, ep, album_release, track_number, track_name, artist) VALUES ('evermore','FALSE','2020-12-11', 7, 'happiness','Taylor Swift');
INSERT INTO albums_and_songs (album_name, ep, album_release, track_number, track_name, artist) VALUES ('evermore','FALSE','2020-12-11', 8, 'dorothea','Taylor Swift');
INSERT INTO albums_and_songs (album_name, ep, album_release, track_number, track_name, artist) VALUES ('evermore','FALSE','2020-12-11', 9, 'coney island','Taylor Swift');
INSERT INTO albums_and_songs (album_name, ep, album_release, track_number, track_name, artist) VALUES ('evermore','FALSE','2020-12-11', 10, 'ivy','Taylor Swift');
INSERT INTO albums_and_songs (album_name, ep, album_release, track_number, track_name, artist) VALUES ('evermore','FALSE','2020-12-11', 11, 'cowboy like me','Taylor Swift');
INSERT INTO albums_and_songs (album_name, ep, album_release, track_number, track_name, artist) VALUES ('evermore','FALSE','2020-12-11', 12, 'long story short','Taylor Swift');
INSERT INTO albums_and_songs (album_name, ep, album_release, track_number, track_name, artist) VALUES ('evermore','FALSE','2020-12-11', 13, 'marjorie','Taylor Swift');
INSERT INTO albums_and_songs (album_name, ep, album_release, track_number, track_name, artist) VALUES ('evermore','FALSE','2020-12-11', 14, 'closure','Taylor Swift');
INSERT INTO albums_and_songs (album_name, ep, album_release, track_number, track_name, artist) VALUES ('evermore','FALSE','2020-12-11', 15, 'evermore','Taylor Swift');
INSERT INTO albums_and_songs (album_name, ep, album_release, track_number, track_name, artist) VALUES ('evermore','FALSE','2020-12-11', 16, 'right where you left me','Taylor Swift');
INSERT INTO albums_and_songs (album_name, ep, album_release, track_number, track_name, artist) VALUES ('evermore','FALSE','2020-12-11', 17, 'it''s time to go','Taylor Swift');
INSERT INTO albums_and_songs (album_name, ep, album_release, track_number, track_name, artist) VALUES ('Midnights','FALSE','2022-10-21', 1, 'Lavender Haze','Taylor Swift');
INSERT INTO albums_and_songs (album_name, ep, album_release, track_number, track_name, artist) VALUES ('Midnights','FALSE','2022-10-21', 2, 'Maroon','Taylor Swift');
INSERT INTO albums_and_songs (album_name, ep, album_release, track_number, track_name, artist) VALUES ('Midnights','FALSE','2022-10-21', 3, 'Anti-Hero','Taylor Swift');
INSERT INTO albums_and_songs (album_name, ep, album_release, track_number, track_name, artist) VALUES ('Midnights','FALSE','2022-10-21', 4, 'Snow On The Beach','Taylor Swift');
INSERT INTO albums_and_songs (album_name, ep, album_release, track_number, track_name, artist) VALUES ('Midnights','FALSE','2022-10-21', 5, '"You''re On Your Own',' Kid"');
INSERT INTO albums_and_songs (album_name, ep, album_release, track_number, track_name, artist) VALUES ('Midnights','FALSE','2022-10-21', 6, 'Midnight Rain','Taylor Swift');
INSERT INTO albums_and_songs (album_name, ep, album_release, track_number, track_name, artist) VALUES ('Midnights','FALSE','2022-10-21', 7, 'Question...?','Taylor Swift');
INSERT INTO albums_and_songs (album_name, ep, album_release, track_number, track_name, artist) VALUES ('Midnights','FALSE','2022-10-21', 8, 'Vigilante Shit','Taylor Swift');
INSERT INTO albums_and_songs (album_name, ep, album_release, track_number, track_name, artist) VALUES ('Midnights','FALSE','2022-10-21', 9, 'Bejeweled','Taylor Swift');
INSERT INTO albums_and_songs (album_name, ep, album_release, track_number, track_name, artist) VALUES ('Midnights','FALSE','2022-10-21', 10, 'Labyrinth','Taylor Swift');
INSERT INTO albums_and_songs (album_name, ep, album_release, track_number, track_name, artist) VALUES ('Midnights','FALSE','2022-10-21', 11, 'Karma','Taylor Swift');
INSERT INTO albums_and_songs (album_name, ep, album_release, track_number, track_name, artist) VALUES ('Midnights','FALSE','2022-10-21', 12, 'Sweet Nothing','Taylor Swift');
INSERT INTO albums_and_songs (album_name, ep, album_release, track_number, track_name, artist) VALUES ('Midnights','FALSE','2022-10-21', 13, 'Mastermind','Taylor Swift');
INSERT INTO albums_and_songs (album_name, ep, album_release, track_number, track_name, artist) VALUES ('Midnights','FALSE','2022-10-21', 14, 'The Great War','Taylor Swift');
INSERT INTO albums_and_songs (album_name, ep, album_release, track_number, track_name, artist) VALUES ('Midnights','FALSE','2022-10-21', 15, 'Bigger Than The Whole Sky','Taylor Swift');
INSERT INTO albums_and_songs (album_name, ep, album_release, track_number, track_name, artist) VALUES ('Midnights','FALSE','2022-10-21', 16, 'Paris','Taylor Swift');
INSERT INTO albums_and_songs (album_name, ep, album_release, track_number, track_name, artist) VALUES ('Midnights','FALSE','2022-10-21', 17, 'High Infidelity','Taylor Swift');
INSERT INTO albums_and_songs (album_name, ep, album_release, track_number, track_name, artist) VALUES ('Midnights','FALSE','2022-10-21', 18, 'Glitch','Taylor Swift');
INSERT INTO albums_and_songs (album_name, ep, album_release, track_number, track_name, artist) VALUES ('Midnights','FALSE','2022-10-21', 19, '"Would''ve',' Could''ve');
INSERT INTO albums_and_songs (album_name, ep, album_release, track_number, track_name, artist) VALUES ('Midnights','FALSE','2022-10-21', 20, 'Dear Reader','Taylor Swift');
INSERT INTO albums_and_songs (album_name, ep, album_release, track_number, track_name, artist) VALUES ('Midnights','FALSE','2022-10-21', 14, 'Hits Different','NA');
INSERT INTO albums_and_songs (album_name, ep, album_release, track_number, track_name, artist) VALUES ('Midnights','FALSE','2022-10-21', 15, '"You''re On Your Own',' Kid (Strings Remix)"');
INSERT INTO albums_and_songs (album_name, ep, album_release, track_number, track_name, artist) VALUES ('Midnights','FALSE','2022-10-21', 16, 'Sweet Nothing (Piano Remix)','NA');


INSERT INTO all_songs (album_name, ep, album_release, track_number, track_name, artist) VALUES ('Taylor Swift','FALSE','2006-10-24', 1, 'Tim McGraw','Taylor Swift');
INSERT INTO all_songs (album_name, ep, album_release, track_number, track_name, artist) VALUES ('Taylor Swift','FALSE','2006-10-24', 2, 'Picture To Burn','Taylor Swift');
INSERT INTO all_songs (album_name, ep, album_release, track_number, track_name, artist) VALUES ('Taylor Swift','FALSE','2006-10-24', 3, 'Teardrops On My Guitar','Taylor Swift');
INSERT INTO all_songs (album_name, ep, album_release, track_number, track_name, artist) VALUES ('Taylor Swift','FALSE','2006-10-24', 4, 'A Place In This World','Taylor Swift');
INSERT INTO all_songs (album_name, ep, album_release, track_number, track_name, artist) VALUES ('Taylor Swift','FALSE','2006-10-24', 5, 'Cold As You','Taylor Swift');
INSERT INTO all_songs (album_name, ep, album_release, track_number, track_name, artist) VALUES ('Taylor Swift','FALSE','2006-10-24', 6, 'The Outside','Taylor Swift');
INSERT INTO all_songs (album_name, ep, album_release, track_number, track_name, artist) VALUES ('Taylor Swift','FALSE','2006-10-24', 7, 'Tied Together With A Smile','Taylor Swift');
INSERT INTO all_songs (album_name, ep, album_release, track_number, track_name, artist) VALUES ('Taylor Swift','FALSE','2006-10-24', 8, 'Stay Beautiful','Taylor Swift');
INSERT INTO all_songs (album_name, ep, album_release, track_number, track_name, artist) VALUES ('Taylor Swift','FALSE','2006-10-24', 9, 'Should''ve Said No','Taylor Swift');
INSERT INTO all_songs (album_name, ep, album_release, track_number, track_name, artist) VALUES ('Taylor Swift','FALSE','2006-10-24', 10, 'Mary''s Song (Oh My My My)','Taylor Swift');
INSERT INTO all_songs (album_name, ep, album_release, track_number, track_name, artist) VALUES ('Taylor Swift','FALSE','2006-10-24', 11, 'Our Song','Taylor Swift');
INSERT INTO all_songs (album_name, ep, album_release, track_number, track_name, artist) VALUES ('Taylor Swift','FALSE','2006-10-24', 12, 'I''m Only Me When I''m With You','Taylor Swift');
INSERT INTO all_songs (album_name, ep, album_release, track_number, track_name, artist) VALUES ('Taylor Swift','FALSE','2006-10-24', 13, 'Invisible','Taylor Swift');
INSERT INTO all_songs (album_name, ep, album_release, track_number, track_name, artist) VALUES ('Taylor Swift','FALSE','2006-10-24', 14, 'A Perfectly Good Heart','Taylor Swift');
INSERT INTO all_songs (album_name, ep, album_release, track_number, track_name, artist) VALUES ('Taylor Swift','FALSE','2006-10-24', 15, 'Teardrops On My Guitar (Pop Version)','Taylor Swift');
INSERT INTO all_songs (album_name, ep, album_release, track_number, track_name, artist) VALUES ('Fearless','FALSE','2008-11-11', 1, 'Fearless','Taylor Swift');
INSERT INTO all_songs (album_name, ep, album_release, track_number, track_name, artist) VALUES ('Fearless','FALSE','2008-11-11', 2, 'Fifteen','Taylor Swift');
INSERT INTO all_songs (album_name, ep, album_release, track_number, track_name, artist) VALUES ('Fearless','FALSE','2008-11-11', 3, 'Love Story','Taylor Swift');
INSERT INTO all_songs (album_name, ep, album_release, track_number, track_name, artist) VALUES ('Fearless','FALSE','2008-11-11', 4, 'Hey Stephen','Taylor Swift');
INSERT INTO all_songs (album_name, ep, album_release, track_number, track_name, artist) VALUES ('Fearless','FALSE','2008-11-11', 5, 'White Horse','Taylor Swift');
INSERT INTO all_songs (album_name, ep, album_release, track_number, track_name, artist) VALUES ('Fearless','FALSE','2008-11-11', 6, 'You Belong With Me','Taylor Swift');
INSERT INTO all_songs (album_name, ep, album_release, track_number, track_name, artist) VALUES ('Fearless','FALSE','2008-11-11', 7, 'Breathe','Taylor Swift');
INSERT INTO all_songs (album_name, ep, album_release, track_number, track_name, artist) VALUES ('Fearless','FALSE','2008-11-11', 8, 'Tell Me Why','Taylor Swift');
INSERT INTO all_songs (album_name, ep, album_release, track_number, track_name, artist) VALUES ('Fearless','FALSE','2008-11-11', 9, 'You''re Not Sorry','Taylor Swift');
INSERT INTO all_songs (album_name, ep, album_release, track_number, track_name, artist) VALUES ('Fearless','FALSE','2008-11-11', 10, 'The Way I Loved You','Taylor Swift');
INSERT INTO all_songs (album_name, ep, album_release, track_number, track_name, artist) VALUES ('Fearless','FALSE','2008-11-11', 11, 'Forever & Always','Taylor Swift');
INSERT INTO all_songs (album_name, ep, album_release, track_number, track_name, artist) VALUES ('Fearless','FALSE','2008-11-11', 12, 'The Best Day','Taylor Swift');
INSERT INTO all_songs (album_name, ep, album_release, track_number, track_name, artist) VALUES ('Fearless','FALSE','2008-11-11', 13, 'Change','Taylor Swift');
INSERT INTO all_songs (album_name, ep, album_release, track_number, track_name, artist) VALUES ('Fearless','FALSE','2008-11-11', 14, 'Jump Then Fall','Taylor Swift');
INSERT INTO all_songs (album_name, ep, album_release, track_number, track_name, artist) VALUES ('Fearless','FALSE','2008-11-11', 15, 'Untouchable','Taylor Swift');
INSERT INTO all_songs (album_name, ep, album_release, track_number, track_name, artist) VALUES ('Fearless','FALSE','2008-11-11', 16, 'Forever & Always (Piano Version)','Taylor Swift');
INSERT INTO all_songs (album_name, ep, album_release, track_number, track_name, artist) VALUES ('Fearless','FALSE','2008-11-11', 17, 'Come In With The Rain','Taylor Swift');
INSERT INTO all_songs (album_name, ep, album_release, track_number, track_name, artist) VALUES ('Fearless','FALSE','2008-11-11', 18, 'SuperStar','Taylor Swift');
INSERT INTO all_songs (album_name, ep, album_release, track_number, track_name, artist) VALUES ('Fearless','FALSE','2008-11-11', 19, 'The Other Side Of The Door','Taylor Swift');
INSERT INTO all_songs (album_name, ep, album_release, track_number, track_name, artist) VALUES ('Fearless (Taylor''s Version)','FALSE','2021-04-09', 1, 'Fearless (Taylor''s Version)','Taylor Swift');
INSERT INTO all_songs (album_name, ep, album_release, track_number, track_name, artist) VALUES ('Fearless (Taylor''s Version)','FALSE','2021-04-09', 2, 'Fifteen (Taylor''s Version)','Taylor Swift');
INSERT INTO all_songs (album_name, ep, album_release, track_number, track_name, artist) VALUES ('Fearless (Taylor''s Version)','FALSE','2021-04-09', 3, 'Love Story (Taylor''s Version)','Taylor Swift');
INSERT INTO all_songs (album_name, ep, album_release, track_number, track_name, artist) VALUES ('Fearless (Taylor''s Version)','FALSE','2021-04-09', 4, 'Hey Stephen (Taylor''s Version)','Taylor Swift');
INSERT INTO all_songs (album_name, ep, album_release, track_number, track_name, artist) VALUES ('Fearless (Taylor''s Version)','FALSE','2021-04-09', 5, 'White Horse (Taylor''s Version)','Taylor Swift');
INSERT INTO all_songs (album_name, ep, album_release, track_number, track_name, artist) VALUES ('Fearless (Taylor''s Version)','FALSE','2021-04-09', 6, 'You Belong With Me (Taylor''s Version)','Taylor Swift');
INSERT INTO all_songs (album_name, ep, album_release, track_number, track_name, artist) VALUES ('Fearless (Taylor''s Version)','FALSE','2021-04-09', 7, 'Breathe (Taylor''s Version)','Taylor Swift');
INSERT INTO all_songs (album_name, ep, album_release, track_number, track_name, artist) VALUES ('Fearless (Taylor''s Version)','FALSE','2021-04-09', 8, 'Tell Me Why (Taylor''s Version)','Taylor Swift');
INSERT INTO all_songs (album_name, ep, album_release, track_number, track_name, artist) VALUES ('Fearless (Taylor''s Version)','FALSE','2021-04-09', 9, 'You''re Not Sorry (Taylor''s Version)','Taylor Swift');
INSERT INTO all_songs (album_name, ep, album_release, track_number, track_name, artist) VALUES ('Fearless (Taylor''s Version)','FALSE','2021-04-09', 10, 'The Way I Loved You (Taylor''s Version)','Taylor Swift');
INSERT INTO all_songs (album_name, ep, album_release, track_number, track_name, artist) VALUES ('Fearless (Taylor''s Version)','FALSE','2021-04-09', 11, 'Forever & Always (Taylor''s Version)','Taylor Swift');
INSERT INTO all_songs (album_name, ep, album_release, track_number, track_name, artist) VALUES ('Fearless (Taylor''s Version)','FALSE','2021-04-09', 12, 'The Best Day (Taylor''s Version)','Taylor Swift');
INSERT INTO all_songs (album_name, ep, album_release, track_number, track_name, artist) VALUES ('Fearless (Taylor''s Version)','FALSE','2021-04-09', 13, 'Change (Taylor''s Version)','Taylor Swift');
INSERT INTO all_songs (album_name, ep, album_release, track_number, track_name, artist) VALUES ('Fearless (Taylor''s Version)','FALSE','2021-04-09', 14, 'Jump Then Fall (Taylor''s Version)','Taylor Swift');
INSERT INTO all_songs (album_name, ep, album_release, track_number, track_name, artist) VALUES ('Fearless (Taylor''s Version)','FALSE','2021-04-09', 15, 'Untouchable (Taylor''s Version)','Taylor Swift');
INSERT INTO all_songs (album_name, ep, album_release, track_number, track_name, artist) VALUES ('Fearless (Taylor''s Version)','FALSE','2021-04-09', 16, 'Forever & Always (Piano Version) [Taylor''s Version]','Taylor Swift');
INSERT INTO all_songs (album_name, ep, album_release, track_number, track_name, artist) VALUES ('Fearless (Taylor''s Version)','FALSE','2021-04-09', 17, 'Come In With The Rain (Taylor''s Version)','Taylor Swift');
INSERT INTO all_songs (album_name, ep, album_release, track_number, track_name, artist) VALUES ('Fearless (Taylor''s Version)','FALSE','2021-04-09', 18, 'SuperStar (Taylor''s Version)','Taylor Swift');
INSERT INTO all_songs (album_name, ep, album_release, track_number, track_name, artist) VALUES ('Fearless (Taylor''s Version)','FALSE','2021-04-09', 19, 'The Other Side Of The Door (Taylor''s Version)','Taylor Swift');
INSERT INTO all_songs (album_name, ep, album_release, track_number, track_name, artist) VALUES ('Fearless (Taylor''s Version)','FALSE','2021-04-09', 20, 'Today Was A Fairytale (Taylor''s Version)','Taylor Swift');
INSERT INTO all_songs (album_name, ep, album_release, track_number, track_name, artist) VALUES ('Fearless (Taylor''s Version)','FALSE','2021-04-09', 21, 'You All Over Me (Taylor''s Version) [From The Vault]','Taylor Swift');
INSERT INTO all_songs (album_name, ep, album_release, track_number, track_name, artist) VALUES ('Fearless (Taylor''s Version)','FALSE','2021-04-09', 22, 'Mr. Perfectly Fine (Taylor''s Version) [From The Vault]','Taylor Swift');
INSERT INTO all_songs (album_name, ep, album_release, track_number, track_name, artist) VALUES ('Fearless (Taylor''s Version)','FALSE','2021-04-09', 23, 'We Were Happy (Taylor''s Version) [From The Vault]','Taylor Swift');
INSERT INTO all_songs (album_name, ep, album_release, track_number, track_name, artist) VALUES ('Fearless (Taylor''s Version)','FALSE','2021-04-09', 24, 'That''s When (Taylor''s Version) [From The Vault]','Taylor Swift');
INSERT INTO all_songs (album_name, ep, album_release, track_number, track_name, artist) VALUES ('Fearless (Taylor''s Version)','FALSE','2021-04-09', 25, 'Don''t You (Taylor''s Version) [From The Vault]','Taylor Swift');
INSERT INTO all_songs (album_name, ep, album_release, track_number, track_name, artist) VALUES ('Fearless (Taylor''s Version)','FALSE','2021-04-09', 26, 'Bye Bye Baby (Taylor''s Version) [From The Vault]','Taylor Swift');
INSERT INTO all_songs (album_name, ep, album_release, track_number, track_name, artist) VALUES ('Speak Now','FALSE','2010-10-25', 1, 'Mine','Taylor Swift');
INSERT INTO all_songs (album_name, ep, album_release, track_number, track_name, artist) VALUES ('Speak Now','FALSE','2010-10-25', 2, 'Sparks Fly','Taylor Swift');
INSERT INTO all_songs (album_name, ep, album_release, track_number, track_name, artist) VALUES ('Speak Now','FALSE','2010-10-25', 3, 'Back To December','Taylor Swift');
INSERT INTO all_songs (album_name, ep, album_release, track_number, track_name, artist) VALUES ('Speak Now','FALSE','2010-10-25', 4, 'Speak Now','Taylor Swift');
INSERT INTO all_songs (album_name, ep, album_release, track_number, track_name, artist) VALUES ('Speak Now','FALSE','2010-10-25', 5, 'Dear John','Taylor Swift');
INSERT INTO all_songs (album_name, ep, album_release, track_number, track_name, artist) VALUES ('Speak Now','FALSE','2010-10-25', 6, 'Mean','Taylor Swift');
INSERT INTO all_songs (album_name, ep, album_release, track_number, track_name, artist) VALUES ('Speak Now','FALSE','2010-10-25', 7, 'The Story Of Us','Taylor Swift');
INSERT INTO all_songs (album_name, ep, album_release, track_number, track_name, artist) VALUES ('Speak Now','FALSE','2010-10-25', 8, 'Never Grow Up','Taylor Swift');
INSERT INTO all_songs (album_name, ep, album_release, track_number, track_name, artist) VALUES ('Speak Now','FALSE','2010-10-25', 9, 'Enchanted','Taylor Swift');
INSERT INTO all_songs (album_name, ep, album_release, track_number, track_name, artist) VALUES ('Speak Now','FALSE','2010-10-25', 10, 'Better Than Revenge','Taylor Swift');
INSERT INTO all_songs (album_name, ep, album_release, track_number, track_name, artist) VALUES ('Speak Now','FALSE','2010-10-25', 11, 'Innocent','Taylor Swift');
INSERT INTO all_songs (album_name, ep, album_release, track_number, track_name, artist) VALUES ('Speak Now','FALSE','2010-10-25', 12, 'Haunted','Taylor Swift');
INSERT INTO all_songs (album_name, ep, album_release, track_number, track_name, artist) VALUES ('Speak Now','FALSE','2010-10-25', 13, 'Last Kiss','Taylor Swift');
INSERT INTO all_songs (album_name, ep, album_release, track_number, track_name, artist) VALUES ('Speak Now','FALSE','2010-10-25', 14, 'Long Live','Taylor Swift');
INSERT INTO all_songs (album_name, ep, album_release, track_number, track_name, artist) VALUES ('Speak Now','FALSE','2010-10-25', 15, 'Ours','Taylor Swift');
INSERT INTO all_songs (album_name, ep, album_release, track_number, track_name, artist) VALUES ('Speak Now','FALSE','2010-10-25', 16, 'If This Was A Movie','Taylor Swift');
INSERT INTO all_songs (album_name, ep, album_release, track_number, track_name, artist) VALUES ('Speak Now','FALSE','2010-10-25', 17, 'Superman','Taylor Swift');
INSERT INTO all_songs (album_name, ep, album_release, track_number, track_name, artist) VALUES ('Red','FALSE','2012-10-22', 1, 'State Of Grace','Taylor Swift');
INSERT INTO all_songs (album_name, ep, album_release, track_number, track_name, artist) VALUES ('Red','FALSE','2012-10-22', 2, 'Red','Taylor Swift');
INSERT INTO all_songs (album_name, ep, album_release, track_number, track_name, artist) VALUES ('Red','FALSE','2012-10-22', 3, 'Treacherous','Taylor Swift');
INSERT INTO all_songs (album_name, ep, album_release, track_number, track_name, artist) VALUES ('Red','FALSE','2012-10-22', 4, 'I Knew You Were Trouble','Taylor Swift');
INSERT INTO all_songs (album_name, ep, album_release, track_number, track_name, artist) VALUES ('Red','FALSE','2012-10-22', 5, 'All Too Well','Taylor Swift');
INSERT INTO all_songs (album_name, ep, album_release, track_number, track_name, artist) VALUES ('Red','FALSE','2012-10-22', 6, '22','Taylor Swift');
INSERT INTO all_songs (album_name, ep, album_release, track_number, track_name, artist) VALUES ('Red','FALSE','2012-10-22', 7, 'I Almost Do','Taylor Swift');
INSERT INTO all_songs (album_name, ep, album_release, track_number, track_name, artist) VALUES ('Red','FALSE','2012-10-22', 8, 'We Are Never Ever Getting Back Together','Taylor Swift');
INSERT INTO all_songs (album_name, ep, album_release, track_number, track_name, artist) VALUES ('Red','FALSE','2012-10-22', 9, 'Stay Stay Stay','Taylor Swift');
INSERT INTO all_songs (album_name, ep, album_release, track_number, track_name, artist) VALUES ('Red','FALSE','2012-10-22', 10, 'The Last Time','Taylor Swift');
INSERT INTO all_songs (album_name, ep, album_release, track_number, track_name, artist) VALUES ('Red','FALSE','2012-10-22', 11, 'Holy Ground','Taylor Swift');
INSERT INTO all_songs (album_name, ep, album_release, track_number, track_name, artist) VALUES ('Red','FALSE','2012-10-22', 12, 'Sad Beautiful Tragic','Taylor Swift');
INSERT INTO all_songs (album_name, ep, album_release, track_number, track_name, artist) VALUES ('Red','FALSE','2012-10-22', 13, 'The Lucky One','Taylor Swift');
INSERT INTO all_songs (album_name, ep, album_release, track_number, track_name, artist) VALUES ('Red','FALSE','2012-10-22', 14, 'Everything Has Changed','Taylor Swift');
INSERT INTO all_songs (album_name, ep, album_release, track_number, track_name, artist) VALUES ('Red','FALSE','2012-10-22', 15, 'Starlight','Taylor Swift');
INSERT INTO all_songs (album_name, ep, album_release, track_number, track_name, artist) VALUES ('Red','FALSE','2012-10-22', 16, 'Begin Again','Taylor Swift');
INSERT INTO all_songs (album_name, ep, album_release, track_number, track_name, artist) VALUES ('Red','FALSE','2012-10-22', 17, 'The Moment I Knew','Taylor Swift');
INSERT INTO all_songs (album_name, ep, album_release, track_number, track_name, artist) VALUES ('Red','FALSE','2012-10-22', 18, 'Come Back...Be Here','Taylor Swift');
INSERT INTO all_songs (album_name, ep, album_release, track_number, track_name, artist) VALUES ('Red','FALSE','2012-10-22', 19, 'Girl At Home','Taylor Swift');
INSERT INTO all_songs (album_name, ep, album_release, track_number, track_name, artist) VALUES ('Red','FALSE','2012-10-22', 20, 'Treacherous (Original Demo Recording)','Taylor Swift');
INSERT INTO all_songs (album_name, ep, album_release, track_number, track_name, artist) VALUES ('Red','FALSE','2012-10-22', 21, 'Red (Original Demo Recording)','Taylor Swift');
INSERT INTO all_songs (album_name, ep, album_release, track_number, track_name, artist) VALUES ('Red','FALSE','2012-10-22', 22, 'State Of Grace (Acoustic Version)','Taylor Swift');
INSERT INTO all_songs (album_name, ep, album_release, track_number, track_name, artist) VALUES ('Red (Taylor''s Version)','FALSE','2021-11-12', 1, 'State Of Grace (Taylor''s Version)','Taylor Swift');
INSERT INTO all_songs (album_name, ep, album_release, track_number, track_name, artist) VALUES ('Red (Taylor''s Version)','FALSE','2021-11-12', 2, 'Red (Taylor''s Version)','Taylor Swift');
INSERT INTO all_songs (album_name, ep, album_release, track_number, track_name, artist) VALUES ('Red (Taylor''s Version)','FALSE','2021-11-12', 3, 'Treacherous (Taylor''s Version)','Taylor Swift');
INSERT INTO all_songs (album_name, ep, album_release, track_number, track_name, artist) VALUES ('Red (Taylor''s Version)','FALSE','2021-11-12', 4, 'I Knew You Were Trouble (Taylor''s Version)','Taylor Swift');
INSERT INTO all_songs (album_name, ep, album_release, track_number, track_name, artist) VALUES ('Red (Taylor''s Version)','FALSE','2021-11-12', 5, 'All Too Well (Taylor''s Version)','Taylor Swift');
INSERT INTO all_songs (album_name, ep, album_release, track_number, track_name, artist) VALUES ('Red (Taylor''s Version)','FALSE','2021-11-12', 6, '22 (Taylor''s Version)','Taylor Swift');
INSERT INTO all_songs (album_name, ep, album_release, track_number, track_name, artist) VALUES ('Red (Taylor''s Version)','FALSE','2021-11-12', 7, 'I Almost Do (Taylor''s Version)','Taylor Swift');
INSERT INTO all_songs (album_name, ep, album_release, track_number, track_name, artist) VALUES ('Red (Taylor''s Version)','FALSE','2021-11-12', 8, 'We Are Never Ever Getting Back Together (Taylor''s Version)','Taylor Swift');
INSERT INTO all_songs (album_name, ep, album_release, track_number, track_name, artist) VALUES ('Red (Taylor''s Version)','FALSE','2021-11-12', 9, 'Stay Stay Stay (Taylor''s Version)','Taylor Swift');
INSERT INTO all_songs (album_name, ep, album_release, track_number, track_name, artist) VALUES ('Red (Taylor''s Version)','FALSE','2021-11-12', 10, 'The Last Time (Taylor''s Version)','Taylor Swift');
INSERT INTO all_songs (album_name, ep, album_release, track_number, track_name, artist) VALUES ('Red (Taylor''s Version)','FALSE','2021-11-12', 11, 'Holy Ground (Taylor''s Version)','Taylor Swift');
INSERT INTO all_songs (album_name, ep, album_release, track_number, track_name, artist) VALUES ('Red (Taylor''s Version)','FALSE','2021-11-12', 12, 'Sad Beautiful Tragic (Taylor''s Version)','Taylor Swift');
INSERT INTO all_songs (album_name, ep, album_release, track_number, track_name, artist) VALUES ('Red (Taylor''s Version)','FALSE','2021-11-12', 13, 'The Lucky One (Taylor''s Version)','Taylor Swift');
INSERT INTO all_songs (album_name, ep, album_release, track_number, track_name, artist) VALUES ('Red (Taylor''s Version)','FALSE','2021-11-12', 14, 'Everything Has Changed (Taylor''s Version)','Taylor Swift');
INSERT INTO all_songs (album_name, ep, album_release, track_number, track_name, artist) VALUES ('Red (Taylor''s Version)','FALSE','2021-11-12', 15, 'Starlight (Taylor''s Version)','Taylor Swift');
INSERT INTO all_songs (album_name, ep, album_release, track_number, track_name, artist) VALUES ('Red (Taylor''s Version)','FALSE','2021-11-12', 16, 'Begin Again (Taylor''s Version)','Taylor Swift');
INSERT INTO all_songs (album_name, ep, album_release, track_number, track_name, artist) VALUES ('Red (Taylor''s Version)','FALSE','2021-11-12', 17, 'The Moment I Knew (Taylor''s Version)','Taylor Swift');
INSERT INTO all_songs (album_name, ep, album_release, track_number, track_name, artist) VALUES ('Red (Taylor''s Version)','FALSE','2021-11-12', 18, 'Come Back...Be Here (Taylor''s Version)','Taylor Swift');
INSERT INTO all_songs (album_name, ep, album_release, track_number, track_name, artist) VALUES ('Red (Taylor''s Version)','FALSE','2021-11-12', 19, 'Girl At Home (Taylor''s Version)','Taylor Swift');
INSERT INTO all_songs (album_name, ep, album_release, track_number, track_name, artist) VALUES ('Red (Taylor''s Version)','FALSE','2021-11-12', 20, 'State Of Grace (Acoustic Version) [Taylor''s Version]','Taylor Swift');
INSERT INTO all_songs (album_name, ep, album_release, track_number, track_name, artist) VALUES ('Red (Taylor''s Version)','FALSE','2021-11-12', 21, 'Ronan (Taylor''s Version)','Taylor Swift');
INSERT INTO all_songs (album_name, ep, album_release, track_number, track_name, artist) VALUES ('Red (Taylor''s Version)','FALSE','2021-11-12', 22, 'Better Man (Taylor''s Version) [From The Vault]','Taylor Swift');
INSERT INTO all_songs (album_name, ep, album_release, track_number, track_name, artist) VALUES ('Red (Taylor''s Version)','FALSE','2021-11-12', 23, 'Nothing New (Taylor''s Version) [From The Vault]','Taylor Swift');
INSERT INTO all_songs (album_name, ep, album_release, track_number, track_name, artist) VALUES ('Red (Taylor''s Version)','FALSE','2021-11-12', 24, 'Babe (Taylor''s Version) [From The Vault]','Taylor Swift');
INSERT INTO all_songs (album_name, ep, album_release, track_number, track_name, artist) VALUES ('Red (Taylor''s Version)','FALSE','2021-11-12', 25, 'Message In A Bottle (Taylor''s Version) [From The Vault]','Taylor Swift');
INSERT INTO all_songs (album_name, ep, album_release, track_number, track_name, artist) VALUES ('Red (Taylor''s Version)','FALSE','2021-11-12', 26, 'I Bet You Think About Me (Taylor''s Version) [From The Vault]','Taylor Swift');
INSERT INTO all_songs (album_name, ep, album_release, track_number, track_name, artist) VALUES ('Red (Taylor''s Version)','FALSE','2021-11-12', 27, 'Forever Winter (Taylor''s Version) [From The Vault]','Taylor Swift');
INSERT INTO all_songs (album_name, ep, album_release, track_number, track_name, artist) VALUES ('Red (Taylor''s Version)','FALSE','2021-11-12', 28, 'Run (Taylor''s Version) [From The Vault]','Taylor Swift');
INSERT INTO all_songs (album_name, ep, album_release, track_number, track_name, artist) VALUES ('Red (Taylor''s Version)','FALSE','2021-11-12', 29, 'The Very First Night (Taylor''s Version) [From The Vault]','Taylor Swift');
INSERT INTO all_songs (album_name, ep, album_release, track_number, track_name, artist) VALUES ('Red (Taylor''s Version)','FALSE','2021-11-12', 30, 'All Too Well (10 Minute Version) [Taylor''s Version] [From The Vault]','Taylor Swift');
INSERT INTO all_songs (album_name, ep, album_release, track_number, track_name, artist) VALUES ('1989','FALSE','2014-10-27', 1, 'Welcome To New York','Taylor Swift');
INSERT INTO all_songs (album_name, ep, album_release, track_number, track_name, artist) VALUES ('1989','FALSE','2014-10-27', 2, 'Blank Space','Taylor Swift');
INSERT INTO all_songs (album_name, ep, album_release, track_number, track_name, artist) VALUES ('1989','FALSE','2014-10-27', 3, 'Style','Taylor Swift');
INSERT INTO all_songs (album_name, ep, album_release, track_number, track_name, artist) VALUES ('1989','FALSE','2014-10-27', 4, 'Out Of The Woods','Taylor Swift');
INSERT INTO all_songs (album_name, ep, album_release, track_number, track_name, artist) VALUES ('1989','FALSE','2014-10-27', 5, 'All You Had To Do Was Stay','Taylor Swift');
INSERT INTO all_songs (album_name, ep, album_release, track_number, track_name, artist) VALUES ('1989','FALSE','2014-10-27', 6, 'Shake It Off','Taylor Swift');
INSERT INTO all_songs (album_name, ep, album_release, track_number, track_name, artist) VALUES ('1989','FALSE','2014-10-27', 7, 'I Wish You Would','Taylor Swift');
INSERT INTO all_songs (album_name, ep, album_release, track_number, track_name, artist) VALUES ('1989','FALSE','2014-10-27', 8, 'Bad Blood','Taylor Swift');
INSERT INTO all_songs (album_name, ep, album_release, track_number, track_name, artist) VALUES ('1989','FALSE','2014-10-27', 9, 'Wildest Dreams','Taylor Swift');
INSERT INTO all_songs (album_name, ep, album_release, track_number, track_name, artist) VALUES ('1989','FALSE','2014-10-27', 10, 'How You Get The Girl','Taylor Swift');
INSERT INTO all_songs (album_name, ep, album_release, track_number, track_name, artist) VALUES ('1989','FALSE','2014-10-27', 11, 'This Love','Taylor Swift');
INSERT INTO all_songs (album_name, ep, album_release, track_number, track_name, artist) VALUES ('1989','FALSE','2014-10-27', 12, 'I Know Places','Taylor Swift');
INSERT INTO all_songs (album_name, ep, album_release, track_number, track_name, artist) VALUES ('1989','FALSE','2014-10-27', 13, 'Clean','Taylor Swift');
INSERT INTO all_songs (album_name, ep, album_release, track_number, track_name, artist) VALUES ('1989','FALSE','2014-10-27', 14, 'Wonderland','Taylor Swift');
INSERT INTO all_songs (album_name, ep, album_release, track_number, track_name, artist) VALUES ('1989','FALSE','2014-10-27', 15, 'You Are In Love','Taylor Swift');
INSERT INTO all_songs (album_name, ep, album_release, track_number, track_name, artist) VALUES ('1989','FALSE','2014-10-27', 16, 'New Romantics','Taylor Swift');
INSERT INTO all_songs (album_name, ep, album_release, track_number, track_name, artist) VALUES ('reputation','FALSE','2017-11-10', 1, '...Ready For It?','Taylor Swift');
INSERT INTO all_songs (album_name, ep, album_release, track_number, track_name, artist) VALUES ('reputation','FALSE','2017-11-10', 2, 'End Game','Taylor Swift');
INSERT INTO all_songs (album_name, ep, album_release, track_number, track_name, artist) VALUES ('reputation','FALSE','2017-11-10', 3, 'I Did Something Bad','Taylor Swift');
INSERT INTO all_songs (album_name, ep, album_release, track_number, track_name, artist) VALUES ('reputation','FALSE','2017-11-10', 4, 'Don''t Blame Me','Taylor Swift');
INSERT INTO all_songs (album_name, ep, album_release, track_number, track_name, artist) VALUES ('reputation','FALSE','2017-11-10', 5, 'Delicate','Taylor Swift');
INSERT INTO all_songs (album_name, ep, album_release, track_number, track_name, artist) VALUES ('reputation','FALSE','2017-11-10', 6, 'Look What You Made Me Do','Taylor Swift');
INSERT INTO all_songs (album_name, ep, album_release, track_number, track_name, artist) VALUES ('reputation','FALSE','2017-11-10', 7, 'So It Goes...','Taylor Swift');
INSERT INTO all_songs (album_name, ep, album_release, track_number, track_name, artist) VALUES ('reputation','FALSE','2017-11-10', 8, 'Gorgeous','Taylor Swift');
INSERT INTO all_songs (album_name, ep, album_release, track_number, track_name, artist) VALUES ('reputation','FALSE','2017-11-10', 9, 'Getaway Car','Taylor Swift');
INSERT INTO all_songs (album_name, ep, album_release, track_number, track_name, artist) VALUES ('reputation','FALSE','2017-11-10', 10, 'King Of My Heart','Taylor Swift');
INSERT INTO all_songs (album_name, ep, album_release, track_number, track_name, artist) VALUES ('reputation','FALSE','2017-11-10', 11, 'Dancing With Our Hands Tied','Taylor Swift');
INSERT INTO all_songs (album_name, ep, album_release, track_number, track_name, artist) VALUES ('reputation','FALSE','2017-11-10', 12, 'Dress','Taylor Swift');
INSERT INTO all_songs (album_name, ep, album_release, track_number, track_name, artist) VALUES ('reputation','FALSE','2017-11-10', 13, 'This Is Why We Can''t Have Nice Things','Taylor Swift');
INSERT INTO all_songs (album_name, ep, album_release, track_number, track_name, artist) VALUES ('reputation','FALSE','2017-11-10', 14, 'Call It What You Want','Taylor Swift');
INSERT INTO all_songs (album_name, ep, album_release, track_number, track_name, artist) VALUES ('reputation','FALSE','2017-11-10', 15, 'New Year''s Day','Taylor Swift');
INSERT INTO all_songs (album_name, ep, album_release, track_number, track_name, artist) VALUES ('Lover','FALSE','2019-08-23', 1, 'I Forgot That You Existed','Taylor Swift');
INSERT INTO all_songs (album_name, ep, album_release, track_number, track_name, artist) VALUES ('Lover','FALSE','2019-08-23', 2, 'Cruel Summer','Taylor Swift');
INSERT INTO all_songs (album_name, ep, album_release, track_number, track_name, artist) VALUES ('Lover','FALSE','2019-08-23', 3, 'Lover','Taylor Swift');
INSERT INTO all_songs (album_name, ep, album_release, track_number, track_name, artist) VALUES ('Lover','FALSE','2019-08-23', 4, 'The Man','Taylor Swift');
INSERT INTO all_songs (album_name, ep, album_release, track_number, track_name, artist) VALUES ('Lover','FALSE','2019-08-23', 5, 'The Archer','Taylor Swift');
INSERT INTO all_songs (album_name, ep, album_release, track_number, track_name, artist) VALUES ('Lover','FALSE','2019-08-23', 6, 'I Think He Knows','Taylor Swift');
INSERT INTO all_songs (album_name, ep, album_release, track_number, track_name, artist) VALUES ('Lover','FALSE','2019-08-23', 7, 'Miss Americana & The Heartbreak Prince','Taylor Swift');
INSERT INTO all_songs (album_name, ep, album_release, track_number, track_name, artist) VALUES ('Lover','FALSE','2019-08-23', 8, 'Paper Rings','Taylor Swift');
INSERT INTO all_songs (album_name, ep, album_release, track_number, track_name, artist) VALUES ('Lover','FALSE','2019-08-23', 9, 'Cornelia Street','Taylor Swift');
INSERT INTO all_songs (album_name, ep, album_release, track_number, track_name, artist) VALUES ('Lover','FALSE','2019-08-23', 10, 'Death By A Thousand Cuts','Taylor Swift');
INSERT INTO all_songs (album_name, ep, album_release, track_number, track_name, artist) VALUES ('Lover','FALSE','2019-08-23', 11, 'London Boy','Taylor Swift');
INSERT INTO all_songs (album_name, ep, album_release, track_number, track_name, artist) VALUES ('Lover','FALSE','2019-08-23', 12, 'Soon You''ll Get Better','Taylor Swift');
INSERT INTO all_songs (album_name, ep, album_release, track_number, track_name, artist) VALUES ('Lover','FALSE','2019-08-23', 13, 'False God','Taylor Swift');
INSERT INTO all_songs (album_name, ep, album_release, track_number, track_name, artist) VALUES ('Lover','FALSE','2019-08-23', 14, 'You Need To Calm Down','Taylor Swift');
INSERT INTO all_songs (album_name, ep, album_release, track_number, track_name, artist) VALUES ('Lover','FALSE','2019-08-23', 15, 'Afterglow','Taylor Swift');
INSERT INTO all_songs (album_name, ep, album_release, track_number, track_name, artist) VALUES ('Lover','FALSE','2019-08-23', 16, 'ME!','Taylor Swift');
INSERT INTO all_songs (album_name, ep, album_release, track_number, track_name, artist) VALUES ('Lover','FALSE','2019-08-23', 17, 'It''s Nice To Have A Friend','Taylor Swift');
INSERT INTO all_songs (album_name, ep, album_release, track_number, track_name, artist) VALUES ('Lover','FALSE','2019-08-23', 18, 'Daylight','Taylor Swift');
INSERT INTO all_songs (album_name, ep, album_release, track_number, track_name, artist) VALUES ('folklore','FALSE','2020-07-24', 1, 'the 1','Taylor Swift');
INSERT INTO all_songs (album_name, ep, album_release, track_number, track_name, artist) VALUES ('folklore','FALSE','2020-07-24', 2, 'cardigan','Taylor Swift');
INSERT INTO all_songs (album_name, ep, album_release, track_number, track_name, artist) VALUES ('folklore','FALSE','2020-07-24', 3, 'the last great american dynasty','Taylor Swift');
INSERT INTO all_songs (album_name, ep, album_release, track_number, track_name, artist) VALUES ('folklore','FALSE','2020-07-24', 4, 'exile','Taylor Swift');
INSERT INTO all_songs (album_name, ep, album_release, track_number, track_name, artist) VALUES ('folklore','FALSE','2020-07-24', 5, 'my tears ricochet','Taylor Swift');
INSERT INTO all_songs (album_name, ep, album_release, track_number, track_name, artist) VALUES ('folklore','FALSE','2020-07-24', 6, 'mirrorball','Taylor Swift');
INSERT INTO all_songs (album_name, ep, album_release, track_number, track_name, artist) VALUES ('folklore','FALSE','2020-07-24', 7, 'seven','Taylor Swift');
INSERT INTO all_songs (album_name, ep, album_release, track_number, track_name, artist) VALUES ('folklore','FALSE','2020-07-24', 8, 'august','Taylor Swift');
INSERT INTO all_songs (album_name, ep, album_release, track_number, track_name, artist) VALUES ('folklore','FALSE','2020-07-24', 9, 'this is me trying','Taylor Swift');
INSERT INTO all_songs (album_name, ep, album_release, track_number, track_name, artist) VALUES ('folklore','FALSE','2020-07-24', 10, 'illicit affairs','Taylor Swift');
INSERT INTO all_songs (album_name, ep, album_release, track_number, track_name, artist) VALUES ('folklore','FALSE','2020-07-24', 11, 'invisible string','Taylor Swift');
INSERT INTO all_songs (album_name, ep, album_release, track_number, track_name, artist) VALUES ('folklore','FALSE','2020-07-24', 12, 'mad woman','Taylor Swift');
INSERT INTO all_songs (album_name, ep, album_release, track_number, track_name, artist) VALUES ('folklore','FALSE','2020-07-24', 13, 'epiphany','Taylor Swift');
INSERT INTO all_songs (album_name, ep, album_release, track_number, track_name, artist) VALUES ('folklore','FALSE','2020-07-24', 14, 'betty','Taylor Swift');
INSERT INTO all_songs (album_name, ep, album_release, track_number, track_name, artist) VALUES ('folklore','FALSE','2020-07-24', 15, 'peace','Taylor Swift');
INSERT INTO all_songs (album_name, ep, album_release, track_number, track_name, artist) VALUES ('folklore','FALSE','2020-07-24', 16, 'hoax','Taylor Swift');
INSERT INTO all_songs (album_name, ep, album_release, track_number, track_name, artist) VALUES ('folklore','FALSE','2020-07-24', 17, 'the lakes','Taylor Swift');
INSERT INTO all_songs (album_name, ep, album_release, track_number, track_name, artist) VALUES ('evermore','FALSE','2020-12-11', 1, 'willow','Taylor Swift');
INSERT INTO all_songs (album_name, ep, album_release, track_number, track_name, artist) VALUES ('evermore','FALSE','2020-12-11', 2, 'champagne problems','Taylor Swift');
INSERT INTO all_songs (album_name, ep, album_release, track_number, track_name, artist) VALUES ('evermore','FALSE','2020-12-11', 3, 'gold rush','Taylor Swift');
INSERT INTO all_songs (album_name, ep, album_release, track_number, track_name, artist) VALUES ('evermore','FALSE','2020-12-11', 4, '''tis the damn season','Taylor Swift');
INSERT INTO all_songs (album_name, ep, album_release, track_number, track_name, artist) VALUES ('evermore','FALSE','2020-12-11', 5, 'tolerate it','Taylor Swift');
INSERT INTO all_songs (album_name, ep, album_release, track_number, track_name, artist) VALUES ('evermore','FALSE','2020-12-11', 6, '"no body',' no crime"');
INSERT INTO all_songs (album_name, ep, album_release, track_number, track_name, artist) VALUES ('evermore','FALSE','2020-12-11', 7, 'happiness','Taylor Swift');
INSERT INTO all_songs (album_name, ep, album_release, track_number, track_name, artist) VALUES ('evermore','FALSE','2020-12-11', 8, 'dorothea','Taylor Swift');
INSERT INTO all_songs (album_name, ep, album_release, track_number, track_name, artist) VALUES ('evermore','FALSE','2020-12-11', 9, 'coney island','Taylor Swift');
INSERT INTO all_songs (album_name, ep, album_release, track_number, track_name, artist) VALUES ('evermore','FALSE','2020-12-11', 10, 'ivy','Taylor Swift');
INSERT INTO all_songs (album_name, ep, album_release, track_number, track_name, artist) VALUES ('evermore','FALSE','2020-12-11', 11, 'cowboy like me','Taylor Swift');
INSERT INTO all_songs (album_name, ep, album_release, track_number, track_name, artist) VALUES ('evermore','FALSE','2020-12-11', 12, 'long story short','Taylor Swift');
INSERT INTO all_songs (album_name, ep, album_release, track_number, track_name, artist) VALUES ('evermore','FALSE','2020-12-11', 13, 'marjorie','Taylor Swift');
INSERT INTO all_songs (album_name, ep, album_release, track_number, track_name, artist) VALUES ('evermore','FALSE','2020-12-11', 14, 'closure','Taylor Swift');
INSERT INTO all_songs (album_name, ep, album_release, track_number, track_name, artist) VALUES ('evermore','FALSE','2020-12-11', 15, 'evermore','Taylor Swift');
INSERT INTO all_songs (album_name, ep, album_release, track_number, track_name, artist) VALUES ('evermore','FALSE','2020-12-11', 16, 'right where you left me','Taylor Swift');
INSERT INTO all_songs (album_name, ep, album_release, track_number, track_name, artist) VALUES ('evermore','FALSE','2020-12-11', 17, 'it''s time to go','Taylor Swift');
INSERT INTO all_songs (album_name, ep, album_release, track_number, track_name, artist) VALUES ('Midnights','FALSE','2022-10-21', 1, 'Lavender Haze','Taylor Swift');
INSERT INTO all_songs (album_name, ep, album_release, track_number, track_name, artist) VALUES ('Midnights','FALSE','2022-10-21', 2, 'Maroon','Taylor Swift');
INSERT INTO all_songs (album_name, ep, album_release, track_number, track_name, artist) VALUES ('Midnights','FALSE','2022-10-21', 3, 'Anti-Hero','Taylor Swift');
INSERT INTO all_songs (album_name, ep, album_release, track_number, track_name, artist) VALUES ('Midnights','FALSE','2022-10-21', 4, 'Snow On The Beach','Taylor Swift');
INSERT INTO all_songs (album_name, ep, album_release, track_number, track_name, artist) VALUES ('Midnights','FALSE','2022-10-21', 5, '"You''re On Your Own',' Kid"');
INSERT INTO all_songs (album_name, ep, album_release, track_number, track_name, artist) VALUES ('Midnights','FALSE','2022-10-21', 6, 'Midnight Rain','Taylor Swift');
INSERT INTO all_songs (album_name, ep, album_release, track_number, track_name, artist) VALUES ('Midnights','FALSE','2022-10-21', 7, 'Question...?','Taylor Swift');
INSERT INTO all_songs (album_name, ep, album_release, track_number, track_name, artist) VALUES ('Midnights','FALSE','2022-10-21', 8, 'Vigilante Shit','Taylor Swift');
INSERT INTO all_songs (album_name, ep, album_release, track_number, track_name, artist) VALUES ('Midnights','FALSE','2022-10-21', 9, 'Bejeweled','Taylor Swift');
INSERT INTO all_songs (album_name, ep, album_release, track_number, track_name, artist) VALUES ('Midnights','FALSE','2022-10-21', 10, 'Labyrinth','Taylor Swift');
INSERT INTO all_songs (album_name, ep, album_release, track_number, track_name, artist) VALUES ('Midnights','FALSE','2022-10-21', 11, 'Karma','Taylor Swift');
INSERT INTO all_songs (album_name, ep, album_release, track_number, track_name, artist) VALUES ('Midnights','FALSE','2022-10-21', 12, 'Sweet Nothing','Taylor Swift');
INSERT INTO all_songs (album_name, ep, album_release, track_number, track_name, artist) VALUES ('Midnights','FALSE','2022-10-21', 13, 'Mastermind','Taylor Swift');
INSERT INTO all_songs (album_name, ep, album_release, track_number, track_name, artist) VALUES ('Midnights','FALSE','2022-10-21', 14, 'The Great War','Taylor Swift');
INSERT INTO all_songs (album_name, ep, album_release, track_number, track_name, artist) VALUES ('Midnights','FALSE','2022-10-21', 15, 'Bigger Than The Whole Sky','Taylor Swift');
INSERT INTO all_songs (album_name, ep, album_release, track_number, track_name, artist) VALUES ('Midnights','FALSE','2022-10-21', 16, 'Paris','Taylor Swift');
INSERT INTO all_songs (album_name, ep, album_release, track_number, track_name, artist) VALUES ('Midnights','FALSE','2022-10-21', 17, 'High Infidelity','Taylor Swift');
INSERT INTO all_songs (album_name, ep, album_release, track_number, track_name, artist) VALUES ('Midnights','FALSE','2022-10-21', 18, 'Glitch','Taylor Swift');
INSERT INTO all_songs (album_name, ep, album_release, track_number, track_name, artist) VALUES ('Midnights','FALSE','2022-10-21', 19, 'Would''ve',' Could''ve');
INSERT INTO all_songs (album_name, ep, album_release, track_number, track_name, artist) VALUES ('Midnights','FALSE','2022-10-21', 20, 'Dear Reader','Taylor Swift');
INSERT INTO all_songs (album_name, ep, album_release, track_number, track_name, artist) VALUES ('Midnights','FALSE','2022-10-21', 14, 'Hits Different','NA');
INSERT INTO all_songs (album_name, ep, album_release, track_number, track_name, artist) VALUES ('Midnights','FALSE','2022-10-21', 15, 'You''re On Your Own',' Kid (Strings Remix)"');
INSERT INTO all_songs (album_name, ep, album_release, track_number, track_name, artist) VALUES ('Midnights','FALSE','2022-10-21', 16, 'Sweet Nothing (Piano Remix)','NA');
INSERT INTO all_songs (album_name, ep, album_release, track_number, track_name, artist) VALUES ('The Taylor Swift Holiday Collection','TRUE','2007-10-14', 1, 'Last Christmas','Taylor Swift');
INSERT INTO all_songs (album_name, ep, album_release, track_number, track_name, artist) VALUES ('The Taylor Swift Holiday Collection','TRUE','2007-10-14', 2, 'Christmases When You Were Mine','Taylor Swift');
INSERT INTO all_songs (album_name, ep, album_release, track_number, track_name, artist) VALUES ('The Taylor Swift Holiday Collection','TRUE','2007-10-14', 3, 'Santa Baby','Taylor Swift');
INSERT INTO all_songs (album_name, ep, album_release, track_number, track_name, artist) VALUES ('The Taylor Swift Holiday Collection','TRUE','2007-10-14', 4, 'Silent Night','Taylor Swift');
INSERT INTO all_songs (album_name, ep, album_release, track_number, track_name, artist) VALUES ('The Taylor Swift Holiday Collection','TRUE','2007-10-14', 5, 'Christmas Must Be Something More','Taylor Swift');
INSERT INTO all_songs (album_name, ep, album_release, track_number, track_name, artist) VALUES ('The Taylor Swift Holiday Collection','TRUE','2007-10-14', 6, 'White Christmas','Taylor Swift');
INSERT INTO all_songs (album_name, ep, album_release, track_number, track_name, artist) VALUES ('Beautiful Eyes','TRUE','2008-07-15', 1, 'Beautiful Eyes','NA');
INSERT INTO all_songs (album_name, ep, album_release, track_number, track_name, artist) VALUES ('Beautiful Eyes','TRUE','2008-07-15', 2, 'Should''ve Said No (Alternate Version)','NA');
INSERT INTO all_songs (album_name, ep, album_release, track_number, track_name, artist) VALUES ('Beautiful Eyes','TRUE','2008-07-15', 3, 'Teardrops On My Guitar (Acoustic Version)','NA');
INSERT INTO all_songs (album_name, ep, album_release, track_number, track_name, artist) VALUES ('Beautiful Eyes','TRUE','2008-07-15', 4, 'Picture To Burn (Radio Edit)','NA');
INSERT INTO all_songs (album_name, ep, album_release, track_number, track_name, artist) VALUES ('Beautiful Eyes','TRUE','2008-07-15', 5, 'I''m Only Me When I''m With You','NA');
INSERT INTO all_songs (album_name, ep, album_release, track_number, track_name, artist) VALUES ('Beautiful Eyes','TRUE','2008-07-15', 6, 'I Heart ?','NA');
INSERT INTO all_songs (album_name, ep, album_release, track_number, track_name, artist) VALUES ('NA','NA','2009-06-30', 0, 'American Girl','NA');
INSERT INTO all_songs (album_name, ep, album_release, track_number, track_name, artist) VALUES ('NA','NA','2015-05-17', 0, 'Bad Blood (Remix)','Taylor Swift');
INSERT INTO all_songs (album_name, ep, album_release, track_number, track_name, artist) VALUES ('NA','NA','2019-11-15', 0, 'Beautiful Ghosts','Taylor Swift');
INSERT INTO all_songs (album_name, ep, album_release, track_number, track_name, artist) VALUES ('NA','NA','2022-06-24', 0, 'Carolina','Taylor Swift');
INSERT INTO all_songs (album_name, ep, album_release, track_number, track_name, artist) VALUES ('NA','NA','2019-12-06', 0, 'Christmas Tree Farm','Taylor Swift');
INSERT INTO all_songs (album_name, ep, album_release, track_number, track_name, artist) VALUES ('NA','NA','2009-03-23', 0, 'Crazier','Taylor Swift');
INSERT INTO all_songs (album_name, ep, album_release, track_number, track_name, artist) VALUES ('NA','NA','2012-03-27', 0, 'Eyes Open','Taylor Swift');
INSERT INTO all_songs (album_name, ep, album_release, track_number, track_name, artist) VALUES ('NA','NA','2016-12-06', 0, 'I Don''t Wanna Live Forever','ZAYN');
INSERT INTO all_songs (album_name, ep, album_release, track_number, track_name, artist) VALUES ('NA','NA','2019-11-13', 0, 'Lover (Remix)','Taylor Swift');
INSERT INTO all_songs (album_name, ep, album_release, track_number, track_name, artist) VALUES ('NA','NA','2020-01-31', 0, 'Only The Young','Taylor Swift');
INSERT INTO all_songs (album_name, ep, album_release, track_number, track_name, artist) VALUES ('NA','NA','2012-09-08', 0, 'Ronan','Taylor Swift');
INSERT INTO all_songs (album_name, ep, album_release, track_number, track_name, artist) VALUES ('NA','NA','2012-03-27', 0, 'Safe & Sound','Taylor Swift');
INSERT INTO all_songs (album_name, ep, album_release, track_number, track_name, artist) VALUES ('NA','NA','2018-04-13', 0, 'September','Taylor Swift');
INSERT INTO all_songs (album_name, ep, album_release, track_number, track_name, artist) VALUES ('NA','NA','2013-10-21', 0, 'Sweeter Than Fiction','Taylor Swift');
INSERT INTO all_songs (album_name, ep, album_release, track_number, track_name, artist) VALUES ('NA','NA','2014-10-27', 0, 'This Love (Taylor''s Version)','Taylor Swift');
INSERT INTO all_songs (album_name, ep, album_release, track_number, track_name, artist) VALUES ('NA','NA','2010-01-19', 0, 'Today Was A Fairytale','Taylor Swift');
INSERT INTO all_songs (album_name, ep, album_release, track_number, track_name, artist) VALUES ('NA','NA','2018-04-15', 0, 'Babe','Sugarland');
INSERT INTO all_songs (album_name, ep, album_release, track_number, track_name, artist) VALUES ('NA','NA','2021-08-27', 0, 'Birch','Big Red Machine');
INSERT INTO all_songs (album_name, ep, album_release, track_number, track_name, artist) VALUES ('NA','NA','2012-05-22', 0, 'Both Of Us','B.o.B');
INSERT INTO all_songs (album_name, ep, album_release, track_number, track_name, artist) VALUES ('NA','NA','2020-06-26', 0, 'Gasoline (Remix)','HAIM');
INSERT INTO all_songs (album_name, ep, album_release, track_number, track_name, artist) VALUES ('NA','NA','2010-06-21', 0, 'Half Of My Heart','John Mayer');
INSERT INTO all_songs (album_name, ep, album_release, track_number, track_name, artist) VALUES ('NA','NA','2013--3-25', 0, 'Highway Don''t Care','Tim McGraw');
INSERT INTO all_songs (album_name, ep, album_release, track_number, track_name, artist) VALUES ('NA','NA','2021-07-02', 0, 'Renegade','Big Red Machine');
INSERT INTO all_songs (album_name, ep, album_release, track_number, track_name, artist) VALUES ('NA','NA','2022-02-11', 0, 'The Joker And The Queen','Ed Sheeran');